{"phones": ["a", "b", "c", "d", "dʒ", "e", "ẽ", "f", "i", "ĩ", "j", "j̃", "k", "l", "m", "n", "o", "õ", "p", "s", "t", "tʃ", "u", "ũ", "v", "w", "w̃", "x", "z", "ɐ", "ɐ̃", "ɔ", "ɛ", "ɟ", "ɡ", "ɲ", "ɾ", "ʃ", "ʎ", "ʒ"], "phone_mapping": {"<eps>": 0, "sil": 1, "spn": 2, "a": 3, "b": 4, "c": 5, "d": 6, "dʒ": 7, "e": 8, "ẽ": 9, "f": 10, "i": 11, "ĩ": 12, "j": 13, "j̃": 14, "k": 15, "l": 16, "m": 17, "n": 18, "o": 19, "õ": 20, "p": 21, "s": 22, "t": 23, "tʃ": 24, "u": 25, "ũ": 26, "v": 27, "w": 28, "w̃": 29, "x": 30, "z": 31, "ɐ": 32, "ɐ̃": 33, "ɔ": 34, "ɛ": 35, "ɟ": 36, "ɡ": 37, "ɲ": 38, "ɾ": 39, "ʃ": 40, "ʎ": 41, "ʒ": 42}, "phone_groups": {"a": ["a"], "b": ["b"], "c": ["c"], "d": ["d"], "dʒ": ["dʒ"], "e": ["e"], "ẽ": ["ẽ"], "f": ["f"], "i": ["i"], "ĩ": ["ĩ"], "j": ["j"], "j̃": ["j̃"], "k": ["k"], "l": ["l"], "m": ["m"], "n": ["n"], "o": ["o"], "õ": ["õ"], "p": ["p"], "s": ["s"], "t": ["t"], "tʃ": ["tʃ"], "u": ["u"], "ũ": ["ũ"], "v": ["v"], "w": ["w"], "w̃": ["w̃"], "x": ["x"], "z": ["z"], "ɐ": ["ɐ"], "ɐ̃": ["ɐ̃"], "ɔ": ["ɔ"], "ɛ": ["ɛ"], "ɟ": ["ɟ"], "ɡ": ["ɡ"], "ɲ": ["ɲ"], "ɾ": ["ɾ"], "ʃ": ["ʃ"], "ʎ": ["ʎ"], "ʒ": ["ʒ"]}, "version": "3.2.0", "architecture": "gmm-hmm", "train_date": "2024-11-11 18:08:02.472171", "training": {"audio_duration": 32348.38770975057, "num_speakers": 1, "num_utterances": 5810, "num_oovs": 0, "average_log_likelihood": -0.08652993692671364}, "dictionaries": {"names": ["nurc-min-lexicon"], "default": "nurc-min-lexicon", "silence_word": "<eps>", "use_g2p": false, "oov_word": "<unk>", "bracketed_word": "[bracketed]", "laughter_word": "[laughter]", "clitic_marker": "'", "position_dependent_phones": false}, "language": "unknown", "features": {"type": "mfcc", "use_energy": false, "frame_shift": 10, "frame_length": 25, "snip_edges": false, "low_frequency": 20, "high_frequency": 7800, "sample_frequency": 16000, "dither": 0.0, "energy_floor": 0.0, "num_coefficients": 13, "num_mel_bins": 23, "cepstral_lifter": 22, "preemphasis_coefficient": 0.97, "uses_cmvn": true, "uses_deltas": true, "uses_voiced": false, "uses_splices": false, "uses_speaker_adaptation": true, "use_pitch": false, "use_voicing": false, "min_f0": 50, "max_f0": 800, "delta_pitch": 0.005, "penalty_factor": 0.1, "silence_weight": 0.0, "splice_left_context": 3, "splice_right_context": 3}, "oov_phone": "spn", "optional_silence_phone": "sil", "phone_set_type": "UNKNOWN", "silence_probability": 0.2, "initial_silence_probability": 0.2, "final_silence_correction": 0.94, "final_non_silence_correction": 1.02}